Orval,Feest,nestor@wisoky.io,(545) 584-3286,2017-03-11 21:08:55 -0600
Kyleigh,Nienow,damaris@marvin.net,634-212-5293,2017-03-03 21:45:33 -0600
Maymie,Monahan,sim@browncorkery.org,1-654-469-5074,2017-03-14 19:13:25 -0600
Favian,Bergstrom,bud@kozeykemmer.org,116-378-2347 x15793,2017-03-13 17:30:59 -0600
Lambert,Ward,nelda@jones.biz,1-589-612-3317 x43943,2017-03-14 19:54:27 -0600
Jay,Block,jennifer@larkincorwin.net,787.760.9926,2017-03-03 19:03:25 -0600
Sylvia,Rau,cayla@mayerdaniel.info,631-046-7027 x8479,2017-03-10 19:58:36 -0600
Lowell,Hansen,amira@buckridgegreenholt.net,(556) 082-3942 x391,2017-03-03 18:42:23 -0600
Lucius,Rowe,deon.hintz@lednergulgowski.io,(613) 086-2987 x830,2017-03-09 18:27:10 -0600
Richie,Kerluke,carlo.mcglynn@prosacco.com,(829) 689-8097 x031,2017-03-12 19:13:14 -0600
